d,s,m,param_count
4,3,2,645
8,3,2,1109
8,6,2,1661
8,6,4,2333
12,3,2,1573
12,6,2,2149
12,6,4,2821
12,9,2,3049
12,9,4,4543
12,9,6,6037
12,9,8,7531
16,3,2,2037
16,6,2,2637
16,6,4,3309
16,9,2,3561
16,9,4,5055
16,9,6,6549
16,9,8,8043
16,12,2,4809
16,12,4,7449
16,12,6,10089
16,12,8,12729
16,15,2,6381
16,15,4,10491
20,3,2,2501
20,6,2,3125
20,6,4,3797
20,9,2,4073
20,9,4,5567
20,9,6,7061
20,9,8,8555
20,12,2,5345
20,12,4,7985
20,12,6,10625
